{"4": [[0.062421634691884845, 0.09953912046500323, 0.1357505372685901, 0.14706950772118035, 0.08413354184159516, 0.0793484176910944, 0.05286827715125503, 0.13220521209126299, 0.06890009623659092, 0.04685456393245202], [0.057110603300983095, 0.11876133081249446, 0.12751552078046952, 0.1482482865148161, 0.09142100844759513, 0.07507449489488267, 0.054893488173538126, 0.12073140331036432, 0.0685894199133105, 0.046745352942455104], [0.05506456086740011, 0.0828676282492669, 0.17897730089077915, 0.12800417029208846, 0.07720160688722763, 0.07480157813273046, 0.052164513473552374, 0.137420833043024, 0.07560857244027874, 0.04698014481456129], [0.056538824308600556, 0.09797114245446098, 0.1319922147593404, 0.15831070218336268, 0.08748125633360071, 0.07956058308215781, 0.05339566368906575, 0.12400253035648649, 0.07252698369539254, 0.04731100822844113], [0.056322398815844776, 0.10246626420946288, 0.13019452815827573, 0.15222060593650916, 0.10085678276849827, 0.07799857686774883, 0.052569054225118865, 0.11989213225138562, 0.06947010695987009, 0.04710045889819475], [0.05640772588227329, 0.08579084395026793, 0.13409318979794485, 0.14127777260316313, 0.08066601410807547, 0.08827985615449734, 0.052474247507577995, 0.14258084117262515, 0.07833473594105146, 0.04918568197343236], [0.05663158276668709, 0.10457771678421897, 0.1301683033558404, 0.15567867376145883, 0.08293259053140453, 0.07779379358005582, 0.055699354704161985, 0.12168364002848263, 0.07716361362995204, 0.046761639948646745], [0.0518506501208736, 0.06994271774866398, 0.10998200422560007, 0.09570250023359655, 0.06487829695756946, 0.0671594318439532, 0.04926826195128054, 0.2936908684178432, 0.060134831717535225, 0.04648134587399314], [0.05266073960403654, 0.0761877663526323, 0.12915773966068228, 0.11713938677795242, 0.0699045301166234, 0.07805042031291196, 0.05217817032706213, 0.11281933987840662, 0.17369593434005448, 0.047296881720546906], [0.060204391904311615, 0.07927271432740962, 0.13574239580660394, 0.13060740654447564, 0.07384604591945491, 0.10879694259099972, 0.05307530181872028, 0.13583830583197226, 0.07160922736255307, 0.06009817698440799]], "3": [[0.06307194996178386, 0.0810292037022316, 0.1475847941124465, 0.12670642221723336, 0.07565665191044846, 0.0824793714445509, 0.052759080815668435, 0.1607250697736795, 0.06878922343089212, 0.05028914172197428], [0.05462146389693074, 0.08906350796999402, 0.15414529882087463, 0.14029689187931832, 0.08350173775891465, 0.08275829078287736, 0.05346485142853345, 0.13608368516791988, 0.06509449756487408, 0.05006068382067191], [0.053518728407931884, 0.08344794391973165, 0.16800579135739724, 0.13820213387334881, 0.08076421969562247, 0.07662340312050551, 0.05210775974447006, 0.1370609491408584, 0.07035118673200322, 0.04900879309903978], [0.05404316766001793, 0.08362912133934265, 0.15190901733236287, 0.15079713173498985, 0.08516290789742177, 0.0781586342739653, 0.05294227732595867, 0.13483444992064417, 0.06867593250475788, 0.04893826910144796], [0.053824506025604485, 0.08416860330598801, 0.1522822118407987, 0.14424017867444683, 0.08700643382796683, 0.0821828256657014, 0.05335449005063818, 0.13548739461555986, 0.06851051795966642, 0.048033747124538284], [0.05533125183557862, 0.08474367348608607, 0.14216829442251092, 0.13910888515271644, 0.08585961986465696, 0.09349131480545657, 0.05305061861533758, 0.13928239501127349, 0.06566988957523567, 0.05038496632205676], [0.057257465992261856, 0.08998543681608111, 0.13592786940246881, 0.12694217395531202, 0.09419065008317114, 0.07539602727833897, 0.056585692130057284, 0.14564636633524433, 0.07919639716840211, 0.047962829929571356], [0.053942969055885505, 0.07465600554501736, 0.1304644673927237, 0.11746126907782134, 0.07327659326744766, 0.07190982898994264, 0.052583711103379616, 0.2005645967113983, 0.0759829634649798, 0.058248504482313154], [0.05318473290528292, 0.06758404017739976, 0.13038847628858266, 0.09720806376004827, 0.06944923503302335, 0.06492872203966266, 0.053279839365923606, 0.14676337639930223, 0.17618545783213144, 0.0501189652895521], [0.05054770770200714, 0.08439227805792449, 0.09633570034676563, 0.08910313818433038, 0.06604816390936276, 0.06616209100372038, 0.048461828592312885, 0.2576804223722064, 0.05989092592797418, 0.0904686529943049]], "2": [[0.06108917767964733, 0.08637075084527293, 0.12291256349510826, 0.1460703014600211, 0.08141029994894858, 0.08829772962093274, 0.054687667877349716, 0.14115326751642263, 0.07889502539431134, 0.04820412525289442], [0.05737432827019433, 0.08890168891477183, 0.13050786978553208, 0.15032525221762794, 0.08072622107147259, 0.08414057837208486, 0.05414870978879238, 0.13982430212956432, 0.07446278528922681, 0.04867917325164188], [0.05432326592529504, 0.07635750949574512, 0.15917201758608923, 0.15376059778449164, 0.0843413432266391, 0.07338601544229832, 0.05343823349945544, 0.14048040055096414, 0.06498820605566878, 0.048843319524262255], [0.0542510169466103, 0.07980325617880317, 0.14907874752173048, 0.16437439559219424, 0.08279258902746607, 0.07646164181054013, 0.05594922321280399, 0.12854971568797202, 0.07039629919577481, 0.04743402391701376], [0.054484035938192205, 0.0775677855963546, 0.1608391090141655, 0.15405607323190823, 0.09832912755432587, 0.07721774188621286, 0.05596937069778386, 0.11706625370346392, 0.06757151038029352, 0.045989901088208475], [0.05767567127306699, 0.0855215491071757, 0.13302246631378153, 0.14960266211543366, 0.08176866387985383, 0.08638911487881602, 0.05572275646412105, 0.13803080363940698, 0.07375752871496444, 0.04759969270428891], [0.0546918105022444, 0.07885529453691104, 0.14087901157173255, 0.16632636886041885, 0.08974811277696687, 0.08128854165253398, 0.05946405170274292, 0.12197773305541937, 0.06832411013877882, 0.04753587429316028], [0.052703737188948586, 0.0698795326088451, 0.10931411614117403, 0.11191054582786558, 0.06459721629928689, 0.06910184484829936, 0.050283941446167095, 0.26643482627660314, 0.0660466987875605, 0.04881844966615874], [0.05598443190498803, 0.08342127757029, 0.1330426320517249, 0.1389553255217819, 0.07647316455152928, 0.07914410941807301, 0.05306706986923962, 0.13329033088645145, 0.10850952507509563, 0.04720304224173523], [0.05401005580952861, 0.07653617963084537, 0.16313434054144008, 0.1285193683537016, 0.05536854353569267, 0.07671775263426875, 0.05051248019985759, 0.18712042315121835, 0.06296344703240665, 0.0542083182019494]],